ID,Age,Gender,Race,breakup,Rel_lenght,attrib,hard,soft,flat,adversarial,collaborative,withdrawal,passive,avoid,anxious,CSI
1,19,1,2,0,4,2.86,3.75,1.25,1.50,3.86,2.57,2.86,3.43,2.38,1.00,6.25
3,19,1,3,0,4,1.71,2.00,4.00,2.00,2.71,3.57,1.86,1.86,2.13,4.13,5.25
5,19,2,1,0,7,1.43,2.00,3.00,1.25,2.00,3.71,2.14,2.86,2.25,1.00,6.00
6,18,2,6,1,9,4.57,5.00,5.00,2.75,4.86,2.14,2.71,4.29,1.75,2.75,6.00
7,22,2,6,0,8,3.00,4.00,3.50,2.00,2.86,3.57,2.14,3.00,1.75,2.63,6.00
8,21,1,6,0,4,1.57,2.00,3.50,1.00,2.57,4.57,1.00,1.14,1.88,1.00,6.00
13,19,2,7,0,7,2.00,3.25,3.50,1.75,3.14,3.71,1.00,2.86,1.38,1.38,6.25
14,22,2,6,0,8,2.71,3.50,4.00,1.00,2.43,4.00,1.57,3.43,3.13,5.00,5.25
15,19,2,6,0,7,2.43,2.75,3.25,1.75,3.29,3.14,1.86,3.14,1.88,2.50,5.25
18,19,2,6,0,8,3.29,5.00,5.00,2.50,4.43,2.57,1.14,3.14,2.00,2.13,5.75
20,18,2,3,0,5,2.14,4.25,1.00,2.25,2.86,2.57,1.43,2.29,2.75,1.88,5.75
22,20,2,6,0,5,2.57,4.00,4.50,2.00,3.57,3.71,2.43,2.71,1.50,2.75,5.75
24,22,2,6,0,4,2.57,4.00,4.00,1.00,2.86,3.57,2.29,2.71,3.25,5.38,3.25
25,18,2,6,0,7,3.86,4.25,1.50,1.00,3.57,2.43,2.00,2.14,3.75,1.38,6.25
26,19,2,6,1,4,2.71,4.50,3.00,2.25,2.71,3.29,2.43,2.71,5.00,5.75,6.00
27,20,2,6,0,5,4.43,4.50,2.75,1.00,3.43,3.14,1.14,3.00,3.00,3.38,5.50
28,19,2,6,0,4,3.86,4.50,4.50,1.00,4.43,3.43,2.71,4.43,2.50,3.63,5.25
29,19,2,6,0,5,3.00,4.50,3.50,2.00,3.43,2.71,2.29,2.71,5.00,2.38,4.00
30,18,2,6,0,8,2.29,3.25,2.50,2.00,3.43,2.71,2.00,1.86,1.88,2.88,5.75
33,19,2,1,0,6,2.14,4.00,4.25,1.25,3.71,3.57,2.29,4.71,2.13,3.25,6.00
34,19,2,1,0,5,1.14,5.00,1.50,4.00,4.00,1.29,5.00,1.57,1.75,4.75,6.25
35,19,2,6,1,4,3.00,3.75,2.75,2.25,2.71,4.14,2.00,2.43,2.75,4.63,5.00
37,18,2,6,0,4,2.29,5.00,3.25,1.00,3.71,2.43,1.43,1.43,4.00,5.88,5.00
40,19,2,6,1,4,3.29,3.00,4.25,1.25,2.29,3.43,2.14,3.00,4.38,4.13,2.25
41,18,2,6,0,9,4.29,4.00,5.00,1.25,4.71,1.71,1.86,3.71,1.00,5.50,5.25
42,19,2,6,0,4,3.71,3.75,3.75,1.75,2.57,3.86,2.29,4.71,2.00,5.00,5.50
43,19,2,2,0,7,2.43,3.00,2.75,1.00,3.29,3.43,2.43,3.71,4.50,4.25,5.00
45,19,2,6,0,4,3.57,4.75,4.00,1.50,3.71,3.14,1.71,3.14,2.88,2.38,5.50
46,18,2,7,1,4,2.14,4.25,4.25,1.50,3.14,4.00,2.14,1.29,3.63,2.88,5.50
47,20,1,1,0,4,4.14,4.75,4.75,1.50,3.43,3.86,1.57,4.14,1.50,4.63,4.75
48,20,2,6,0,5,2.14,4.00,4.00,1.25,3.29,2.43,2.86,2.14,3.00,3.25,5.25
50,19,2,6,0,4,3.43,3.50,4.25,2.00,3.00,3.29,2.14,4.00,5.25,4.13,4.00
51,19,2,6,0,5,3.57,4.00,4.00,2.75,3.86,3.71,2.71,4.14,2.25,2.88,3.25
52,19,1,6,0,7,2.29,2.00,3.25,1.00,2.29,4.14,1.71,2.00,1.88,2.25,6.00
53,19,1,6,0,6,2.43,3.50,2.75,3.25,2.86,2.43,2.86,3.14,1.13,1.13,6.00
54,21,1,6,0,6,2.71,3.50,4.50,2.25,3.00,4.00,2.43,2.29,1.63,2.13,5.75
55,19,2,2,1,7,3.00,3.75,3.00,3.50,3.86,3.57,2.71,3.14,1.00,4.00,4.00
56,19,2,6,0,7,2.57,4.00,3.75,1.00,3.57,3.29,1.00,3.14,1.00,1.38,6.00
59,18,1,2,0,5,2.29,4.50,1.50,3.75,3.71,4.00,3.29,4.14,2.25,4.25,4.75
60,18,2,6,0,6,2.29,3.25,2.25,2.00,2.71,2.86,2.43,3.57,2.00,3.00,6.00
61,18,2,6,1,5,2.57,4.75,3.25,1.25,4.00,3.14,1.71,2.86,1.88,4.50,5.25
64,21,2,2,0,7,2.86,1.50,3.75,1.00,2.71,4.14,1.00,2.57,2.88,3.38,5.75
65,18,2,6,0,6,2.71,4.00,2.75,2.00,3.14,3.00,2.71,4.00,2.25,3.00,5.50
66,20,2,6,0,4,3.14,3.00,4.50,2.50,2.86,3.71,1.14,2.00,1.38,2.25,5.50
67,19,2,6,0,5,4.86,4.75,4.25,1.75,4.43,2.86,2.57,2.86,3.38,5.13,5.50
68,19,1,6,0,8,3.00,4.25,2.75,1.75,4.29,2.86,2.29,2.57,1.00,1.63,5.50
69,20,2,6,0,6,3.14,3.25,2.75,2.75,2.29,3.00,3.29,2.14,3.88,2.25,4.00
73,19,2,6,0,8,3.71,4.00,3.25,1.00,3.86,2.00,1.57,3.14,1.63,1.38,6.25
74,19,2,6,1,7,3.14,3.00,3.75,2.00,3.43,3.14,2.29,2.14,2.50,4.38,3.00
76,18,2,2,0,7,4.43,5.00,5.00,1.25,4.29,2.86,3.14,4.29,4.38,6.00,5.50
80,22,2,6,0,4,2.71,4.00,2.50,1.25,3.14,3.43,1.00,1.43,2.00,1.75,6.25
81,20,2,6,0,4,2.14,3.75,2.25,1.00,3.29,3.43,1.86,2.86,3.25,2.38,6.00
82,22,2,3,0,6,2.86,3.75,4.00,1.00,3.71,3.29,1.14,2.86,1.50,2.63,5.75
86,19,2,3,0,9,1.86,3.00,4.50,2.50,3.71,3.14,1.43,2.57,1.75,5.50,4.50
87,18,2,2,0,8,3.86,4.00,4.25,1.00,4.00,2.14,2.57,3.86,1.88,4.88,5.25
88,18,2,6,0,5,2.57,3.75,2.75,2.50,2.57,3.43,2.57,2.86,4.38,2.88,4.00
89,21,2,3,0,5,2.14,3.75,4.50,2.25,3.14,3.43,2.29,2.57,3.00,2.63,5.50
90,19,2,2,0,4,2.57,1.50,3.50,1.00,3.57,3.00,1.00,3.71,1.88,2.00,6.00
91,22,2,2,1,7,2.29,4.25,3.50,2.00,3.29,2.71,2.14,2.29,2.38,3.25,6.00
93,18,2,6,0,4,3.43,3.00,3.50,2.00,3.57,3.29,2.14,2.14,2.00,2.63,4.75
95,21,2,6,0,9,3.00,3.25,3.75,1.00,3.57,3.57,1.57,2.43,1.75,1.25,6.25
96,22,2,6,0,7,2.00,4.75,5.00,1.00,4.00,2.29,1.14,2.00,1.63,2.25,5.50
97,19,2,6,0,6,2.29,3.25,4.50,1.00,3.14,3.86,1.43,2.43,2.38,3.63,4.50
99,18,2,6,0,10,4.00,3.25,2.25,2.25,3.86,2.57,1.86,3.57,2.88,3.63,6.25
101,18,2,7,1,5,1.29,5.00,5.00,1.00,3.43,2.57,2.71,4.29,3.63,1.50,5.00
102,20,2,6,0,7,2.57,4.00,2.75,1.00,3.29,2.43,1.86,2.57,1.75,2.00,5.25
103,19,2,6,0,5,1.71,2.00,2.50,1.00,2.57,3.57,1.57,1.29,1.63,4.50,6.00
104,18,2,6,0,4,4.29,4.25,5.00,1.50,4.43,1.71,2.00,3.14,2.13,1.75,5.50
105,19,2,6,0,6,2.71,3.75,3.50,1.00,4.00,1.71,2.29,1.86,1.88,3.13,5.75
106,18,1,6,0,4,2.71,4.25,3.50,2.25,3.86,3.14,2.86,2.57,3.63,5.13,5.00
108,20,2,6,0,5,2.14,2.50,1.75,1.25,3.00,3.57,1.57,3.57,1.63,1.38,6.00
109,18,1,2,0,8,1.71,4.25,4.00,1.75,3.43,3.14,2.57,2.43,4.38,2.75,4.00
110,23,1,3,0,6,2.71,2.50,3.00,2.00,3.00,3.00,3.29,3.14,4.38,2.63,2.00
111,18,2,3,0,7,2.43,5.00,3.75,1.25,4.43,1.43,2.86,4.57,5.25,1.50,4.75
112,18,2,6,0,6,2.14,2.50,4.25,1.75,2.86,2.57,4.00,2.00,5.25,4.50,5.00
113,19,2,1,1,6,3.14,5.00,3.50,3.25,4.14,3.00,1.00,2.29,1.00,1.25,5.50
114,18,2,6,1,6,2.86,3.00,3.75,1.25,2.86,2.29,2.57,4.71,1.50,4.75,6.00
116,19,2,6,1,5,2.57,3.25,3.25,1.50,3.00,3.00,3.00,4.29,3.75,3.25,5.00
117,20,2,6,0,5,3.14,4.25,4.50,1.50,3.29,2.57,1.71,2.14,3.00,2.50,6.00
118,20,1,6,0,5,2.57,3.50,3.25,1.75,3.14,2.57,2.00,3.00,2.25,2.25,6.00
119,19,1,6,0,7,2.29,3.75,3.25,1.25,2.29,4.14,1.00,2.14,3.75,2.88,4.75
120,18,2,6,0,5,2.71,4.00,3.00,2.00,3.71,3.57,1.43,3.71,2.50,1.50,5.75
121,21,2,3,0,7,1.86,2.25,3.00,1.25,2.86,4.14,1.43,3.57,1.25,2.00,6.25
122,18,1,6,1,4,3.00,3.75,2.00,4.00,2.86,2.29,3.00,1.43,6.13,4.38,2.25
123,18,1,3,1,4,3.00,3.25,2.50,4.00,2.86,2.43,2.43,1.57,6.13,3.38,2.25
124,21,1,3,0,4,2.43,1.50,3.75,1.00,2.00,3.86,2.57,3.43,3.63,5.13,5.50
126,20,2,2,0,6,2.86,4.25,3.25,1.25,3.29,2.14,2.00,2.29,2.75,5.50,4.75
127,22,1,2,1,6,1.29,3.00,3.50,1.75,2.00,3.43,3.86,3.43,2.88,3.13,4.50
129,21,2,2,0,8,2.14,2.50,2.75,2.00,3.86,3.00,1.86,2.00,2.50,1.50,5.50
130,19,2,3,0,8,4.57,4.75,5.00,1.00,4.29,1.57,2.43,4.86,2.38,5.63,4.50
131,18,2,6,0,6,4.71,5.00,4.75,2.25,2.43,5.00,2.29,4.86,2.25,4.63,4.75
132,18,2,6,0,8,2.71,4.50,4.50,1.00,3.00,3.00,2.00,3.43,2.13,5.50,4.00
133,18,2,6,0,7,3.57,4.00,3.00,1.50,3.00,3.43,3.14,3.86,1.00,4.88,5.75
134,19,2,3,0,8,4.00,4.25,2.00,1.00,3.57,2.57,2.00,4.00,2.50,3.38,5.50
135,18,2,6,1,7,3.29,4.25,4.25,2.00,3.57,2.43,2.43,2.14,2.75,5.00,3.00
136,20,2,3,0,6,3.00,3.50,3.75,1.00,3.71,3.43,1.71,3.00,2.75,5.38,4.75
137,18,2,6,0,5,2.29,3.75,4.00,1.75,3.43,3.71,2.43,4.57,2.38,2.50,6.00
138,21,2,1,0,7,2.43,2.75,1.75,3.00,2.29,2.86,3.57,3.43,1.50,2.25,4.75
140,19,2,6,0,7,2.43,4.00,2.50,1.75,3.43,3.57,1.86,2.57,2.13,3.13,5.00
143,18,1,6,0,7,1.86,3.50,3.25,1.00,2.43,4.00,2.00,3.00,2.13,4.38,6.25
147,19,2,6,0,7,2.43,3.25,3.25,1.50,3.43,2.86,2.57,3.71,4.00,5.00,5.25
148,18,2,2,0,4,2.00,3.00,4.00,2.00,3.00,3.43,2.00,3.29,2.38,1.25,4.25
149,20,2,6,0,7,1.71,2.00,3.75,1.50,2.43,4.14,1.86,2.00,1.75,2.25,6.00
150,21,2,6,0,8,2.71,2.75,3.00,2.00,3.29,2.57,2.00,3.57,3.00,4.25,5.00
152,20,2,6,0,5,4.86,3.25,4.25,1.00,2.43,3.29,2.71,4.71,4.38,6.25,2.75
154,19,2,6,0,5,1.00,3.00,3.75,1.25,2.00,4.57,1.00,3.71,1.25,1.50,5.50
156,21,2,6,0,5,3.00,4.00,4.50,1.75,2.71,3.71,2.00,3.71,2.38,5.25,5.75
157,20,2,6,0,8,2.00,3.50,4.25,1.50,4.29,2.86,2.29,3.57,3.50,4.13,5.25
158,19,2,6,0,7,3.14,3.25,3.25,1.00,2.86,2.71,1.57,2.71,1.00,2.50,6.25
159,20,2,6,0,4,2.57,4.00,2.00,3.00,4.00,2.86,3.29,4.14,5.38,2.63,6.25
162,19,2,6,0,7,2.86,4.25,4.00,2.00,3.43,3.29,2.00,3.86,2.63,6.00,4.50
167,21,2,6,0,7,2.57,4.50,3.00,1.25,3.29,3.43,1.43,1.57,3.63,1.88,5.75
168,19,2,6,0,7,2.29,3.00,4.50,2.75,3.57,3.29,2.43,3.71,2.63,5.88,5.00
173,19,2,6,1,4,4.29,3.75,4.50,2.50,2.71,3.29,2.43,4.57,5.13,5.50,3.00
176,27,1,3,0,7,2.00,2.50,2.00,2.00,2.43,2.86,2.14,2.00,3.00,2.63,6.00
178,19,2,6,0,4,2.86,2.75,2.50,1.25,2.71,4.00,2.86,3.00,2.00,2.88,4.75
181,19,2,6,0,6,3.14,3.25,2.50,2.00,3.14,2.71,2.00,2.00,2.25,2.50,5.25
182,18,2,3,0,4,2.57,4.75,5.00,1.00,4.00,3.57,1.57,4.14,1.75,4.38,6.00
184,21,2,3,1,6,3.00,2.75,4.25,2.25,3.00,4.00,3.71,3.71,4.50,2.75,4.00
186,20,1,6,0,6,3.14,4.25,3.50,1.00,3.71,1.86,1.29,2.14,2.00,2.75,6.25
187,22,1,2,0,6,1.29,4.00,2.00,1.00,3.00,2.43,3.57,2.00,4.00,2.25,5.25
188,19,2,6,0,8,2.14,3.25,2.50,1.75,2.86,3.14,2.14,2.86,1.00,1.75,6.25
189,28,1,7,0,10,2.71,3.25,3.25,3.00,1.71,2.71,3.29,2.00,3.63,3.88,3.25
190,19,2,1,0,8,4.00,4.00,3.50,1.00,3.71,2.00,2.29,1.86,1.88,4.00,5.25
194,18,2,2,0,8,2.29,4.50,4.75,2.50,4.00,2.71,2.43,2.57,2.25,5.13,6.00
196,18,2,2,1,8,3.71,3.25,4.75,2.75,4.29,2.71,2.71,3.00,3.25,5.00,4.50
197,18,2,6,0,7,1.57,4.00,2.50,2.50,3.00,3.43,4.00,2.29,3.50,1.00,5.50
198,18,2,3,0,4,2.29,2.75,4.00,1.00,2.43,3.00,2.14,2.29,5.13,4.63,4.75
199,18,1,1,0,4,3.29,2.00,2.50,2.50,2.86,3.57,1.43,2.29,2.63,4.88,5.00
202,20,2,6,0,5,2.29,3.75,3.25,1.50,3.14,3.00,2.29,2.00,2.13,1.88,5.50
203,19,2,6,0,9,1.57,2.25,2.00,2.00,2.43,3.71,1.86,2.00,2.50,2.25,6.00
204,26,1,6,0,4,1.43,2.50,4.00,1.75,2.86,4.29,1.00,4.00,1.25,4.88,6.00
205,18,2,6,0,5,4.71,4.75,4.75,2.25,4.00,2.43,2.00,3.71,1.75,2.63,6.25
206,19,2,6,0,4,2.71,3.25,3.25,1.25,3.43,4.00,2.71,3.71,2.50,2.25,5.50
208,20,2,6,0,10,3.86,3.75,3.00,2.00,3.00,3.14,3.57,3.43,1.38,1.88,5.25
209,19,2,2,0,6,1.29,4.00,3.00,1.00,1.57,4.14,2.86,2.00,2.88,2.50,5.25
210,18,2,1,0,7,2.43,2.25,5.00,1.50,3.14,4.71,1.57,4.14,1.13,5.50,4.50
212,19,2,1,0,8,3.43,3.75,4.50,1.75,3.29,2.57,3.00,4.43,1.88,2.50,5.50
213,19,2,6,0,5,2.43,3.75,3.25,1.25,3.14,3.71,1.00,2.43,2.38,3.25,4.75
214,19,2,1,0,7,2.86,4.75,4.00,1.00,4.00,2.14,2.00,2.86,3.00,2.50,5.75
216,18,1,7,0,5,1.43,4.00,3.00,2.00,3.43,3.00,2.00,2.57,1.38,3.38,6.00
217,19,2,3,1,4,4.00,4.50,4.00,1.25,4.29,2.43,1.71,3.57,4.50,5.50,4.00
218,18,2,6,0,5,4.00,4.75,4.25,1.50,4.14,2.29,2.14,2.29,2.63,4.00,4.25
220,20,2,6,0,5,3.29,5.00,3.75,2.00,3.86,2.71,4.00,3.29,2.50,4.13,3.00
221,20,2,6,0,7,2.14,2.50,1.75,1.00,2.00,2.86,1.00,1.71,2.38,4.25,4.00
222,18,2,6,0,5,2.43,3.25,4.25,2.50,2.71,3.14,1.29,2.14,1.50,4.00,5.25
223,21,2,6,0,5,2.29,2.00,3.75,1.50,3.29,3.86,2.14,4.14,3.00,2.00,5.25
224,22,2,6,0,4,3.43,4.75,3.25,2.00,3.57,2.57,2.57,4.57,4.88,4.38,4.00
225,18,1,6,0,7,1.29,2.50,3.25,2.00,2.14,4.00,1.00,1.00,2.25,4.13,4.25
226,19,1,3,0,4,5.00,5.00,3.50,2.00,5.00,2.43,2.57,3.14,2.38,2.75,5.25
228,18,2,3,0,6,1.29,4.50,2.00,1.50,2.29,3.00,3.86,2.71,2.50,1.63,6.25
229,20,2,6,0,6,1.14,3.75,3.25,1.00,2.43,4.00,1.43,4.00,1.88,1.13,6.00
231,19,2,6,0,6,2.14,1.50,4.75,1.00,3.00,4.43,1.43,3.14,2.00,2.00,6.00
232,21,2,7,0,5,3.29,4.00,3.75,1.50,3.29,3.00,3.29,4.43,3.50,3.13,6.25
233,19,2,6,0,4,3.43,3.00,3.50,2.00,3.57,2.71,2.14,3.43,4.00,4.13,4.50
234,18,2,2,0,6,3.00,3.75,3.50,2.00,3.43,3.43,2.71,4.14,2.50,3.75,3.50
235,18,2,6,0,6,2.86,4.00,4.25,1.25,3.29,2.57,3.29,2.57,1.00,1.50,6.00
238,18,2,6,0,5,1.86,4.00,3.75,2.00,3.29,3.00,2.00,3.00,2.00,2.38,6.00
240,19,2,3,0,6,2.57,4.00,3.75,1.75,4.00,2.57,2.86,1.71,3.00,2.13,5.75
242,18,2,6,1,4,2.71,3.75,2.25,2.00,2.57,4.71,2.14,2.57,2.50,3.13,5.00
243,19,2,6,0,6,3.57,4.00,3.00,1.25,3.29,3.71,2.29,4.29,1.13,2.25,5.00
244,18,2,1,0,5,1.86,2.75,3.25,1.50,2.14,4.71,1.14,3.86,2.13,3.25,6.25
245,19,2,2,0,6,3.43,3.75,4.50,2.25,4.57,2.00,1.71,2.57,3.25,3.63,4.75
246,18,2,1,0,5,1.00,2.50,2.50,1.50,1.86,5.00,1.14,1.14,1.00,1.00,6.25
247,20,2,3,0,5,2.29,3.25,2.50,3.25,2.57,3.71,2.29,2.29,2.75,3.13,4.75
248,19,2,7,0,7,2.86,4.25,4.25,2.00,3.43,3.43,1.57,4.43,1.50,3.13,5.75
249,20,2,6,0,9,3.71,4.75,4.25,1.00,3.86,2.71,1.14,2.71,2.38,4.50,5.50
250,20,2,1,0,6,2.57,2.75,2.25,2.25,2.00,3.29,2.43,3.14,2.88,2.75,4.00
252,19,1,6,0,4,3.57,3.75,4.50,1.00,3.86,3.00,1.00,2.43,2.00,1.50,4.75
254,21,2,6,0,7,3.00,3.00,4.00,1.75,3.57,2.43,3.43,4.71,4.13,3.00,5.00
255,20,2,2,0,5,2.71,4.00,3.75,1.25,4.00,2.14,2.00,2.86,1.63,4.25,4.50
256,19,2,6,1,7,2.29,2.75,4.25,1.00,3.57,3.00,2.14,4.00,1.75,3.50,5.50
258,19,2,6,0,7,3.00,4.00,4.50,2.75,3.71,3.86,3.29,5.00,1.00,4.13,5.75
260,21,2,1,0,5,3.29,4.75,4.25,1.50,4.57,2.71,4.57,4.43,2.00,5.75,5.00
261,20,2,2,0,6,5.00,4.75,5.00,2.50,4.86,2.71,2.71,4.86,2.25,4.50,4.00
262,18,2,6,0,4,4.00,3.75,4.25,1.00,4.00,1.57,1.43,3.43,4.25,5.13,4.75
264,19,2,2,1,6,4.71,4.00,5.00,1.25,2.71,2.86,3.29,4.29,2.75,6.75,2.75
265,19,2,1,0,9,3.71,2.75,4.50,2.00,3.57,3.43,2.29,3.00,4.63,4.00,4.00
266,19,2,3,0,8,2.71,4.00,4.25,1.50,3.71,2.57,2.43,3.71,2.13,2.38,6.00
268,19,2,2,1,7,4.29,4.75,5.00,5.00,4.86,2.00,5.00,5.00,3.75,4.00,3.25
269,19,1,1,0,4,2.71,4.00,3.75,2.75,3.86,3.14,2.86,4.71,1.63,1.63,4.75
